{"key_accuracy_determ": 0.3442622950819672, "key_accuracy_nn": 0.39344262295081966, "mean_topk_accuracy": 0.5983606557377049, "bpm_mse_dynamic": 1042.324902289488, "bpm_mse_nn": 1040.061352981388, "accuracy": 0.7142857142857143, "precision": 0.8, "recall": 0.8, "f1_score": 0.8000000000000002}