{"key_accuracy_determ": 0.37894736842105264, "key_accuracy_nn": 0.35789473684210527, "bpm_mse_dynamic": 1243.7862276758788, "bpm_mse_nn": 1446.9476299497321}