{"key_accuracy_determ": 0.3442622950819672, "key_accuracy_nn": 0.39344262295081966, "mean_topk_accuracy": 0.5983606557377049, "bpm_mse_dynamic": 1042.324902289488, "bpm_mse_nn": 1040.061352981388}