{"key_accuracy_determ": 0.2916666666666667, "key_accuracy_nn": 0.2916666666666667, "bpm_mse_dynamic": 974.6279147374039, "bpm_mse_nn": 2280.3259791730497}