{"key_accuracy_determ": 0.3464052287581699, "key_accuracy_nn": 0.3790849673202614, "bpm_mse_dynamic": 1226.7688462758147, "bpm_mse_nn": 1749.9634455270507}