{"key_accuracy_determ": 0.3611111111111111, "key_accuracy_nn": 0.2976190476190476, "bpm_mse_dynamic": 1544.4708900151384, "bpm_mse_nn": 18144580.972688504}