{"key_accuracy_determ": 0.3611111111111111, "key_accuracy_nn": 0.2698412698412698, "bpm_mse_dynamic": 1544.4708900151384, "bpm_mse_nn": 5326.985868076235}